event_time,avg_sigma
-6,0.03707456464484601
-5,0.036603315720103724
-4,0.036502496389250086
-3,0.03607144365384522
-2,0.03715031490041805
-1,0.03819414496443031
0,0.03921723073757511
1,0.039005713940436774
2,0.03945756066925765
3,0.03928372221558003
4,0.039208255040979766
5,0.03961246442213683
6,0.04012730708068905
